行政名称, 行政编码, 行政等级
北京市, 110000, province
北京城区, 110100, city
昌平区, 110114, district
朝阳区, 110105, district
大兴区, 110115, district
东城区, 110101, district
房山区, 110111, district
丰台区, 110106, district
海淀区, 110108, district
怀柔区, 110116, district
密云区, 110118, district
门头沟区, 110109, district
平谷区, 110117, district
石景山区, 110107, district
顺义区, 110113, district
通州区, 110112, district
西城区, 110102, district
延庆区, 110119, district
贵州省, 520000, province
安顺市, 520400, city
关岭布依族苗族自治县, 520424, district
平坝区, 520403, district
普定县, 520422, district
西秀区, 520402, district
镇宁布依族苗族自治县, 520423, district
紫云苗族布依族自治县, 520425, district
毕节市, 520500, city
大方县, 520521, district
赫章县, 520527, district
金沙县, 520523, district
纳雍县, 520525, district
七星关区, 520502, district
黔西县, 520522, district
威宁彝族回族苗族自治县, 520526, district
织金县, 520524, district
贵阳市, 520100, city
白云区, 520113, district
观山湖区, 520115, district
花溪区, 520111, district
开阳县, 520121, district
南明区, 520102, district
清镇市, 520181, district
乌当区, 520112, district
息烽县, 520122, district
修文县, 520123, district
云岩区, 520103, district
六盘水市, 520200, city
六枝特区, 520203, district
盘州市, 520281, district
水城县, 520221, district
钟山区, 520201, district
黔西南布依族苗族自治州, 522300, city
安龙县, 522328, district
册亨县, 522327, district
普安县, 522323, district
晴隆县, 522324, district
望谟县, 522326, district
兴仁县, 522322, district
兴义市, 522301, district
贞丰县, 522325, district
黔南布依族苗族自治州, 522700, city
都匀市, 522701, district
独山县, 522726, district
福泉市, 522702, district
贵定县, 522723, district
惠水县, 522731, district
荔波县, 522722, district
龙里县, 522730, district
罗甸县, 522728, district
平塘县, 522727, district
三都水族自治县, 522732, district
瓮安县, 522725, district
长顺县, 522729, district
黔东南苗族侗族自治州, 522600, city
岑巩县, 522626, district
从江县, 522633, district
丹寨县, 522636, district
黄平县, 522622, district
剑河县, 522629, district
锦屏县, 522628, district
凯里市, 522601, district
雷山县, 522634, district
黎平县, 522631, district
麻江县, 522635, district
三穗县, 522624, district
榕江县, 522632, district
施秉县, 522623, district
台江县, 522630, district
天柱县, 522627, district
镇远县, 522625, district
铜仁市, 520600, city
碧江区, 520602, district
德江县, 520626, district
江口县, 520621, district
石阡县, 520623, district
思南县, 520624, district
松桃苗族自治县, 520628, district
万山区, 520603, district
沿河土家族自治县, 520627, district
印江土家族苗族自治县, 520625, district
玉屏侗族自治县, 520622, district
遵义市, 520300, city
播州区, 520304, district
赤水市, 520381, district
道真仡佬族苗族自治县, 520325, district
凤冈县, 520327, district
红花岗区, 520302, district
汇川区, 520303, district
湄潭县, 520328, district
仁怀市, 520382, district
绥阳县, 520323, district
桐梓县, 520322, district
务川仡佬族苗族自治县, 520326, district
习水县, 520330, district
余庆县, 520329, district
正安县, 520324, district
澳门特别行政区, 820000, province
花王堂区, 820002, district
望德堂区, 820003, district
大堂区, 820004, district
风顺堂区, 820005, district
花地玛堂区, 820001, district
嘉模堂区, 820006, district
圣方济各堂区, 820008, district
路凼填海区, 820007, district
福建省, 350000, province
福州市, 350100, city
仓山区, 350104, district
福清市, 350181, district
鼓楼区, 350102, district
晋安区, 350111, district
连江县, 350122, district
罗源县, 350123, district
马尾区, 350105, district
闽侯县, 350121, district
闽清县, 350124, district
平潭县, 350128, district
台江区, 350103, district
永泰县, 350125, district
长乐区, 350182, district
龙岩市, 350800, city
连城县, 350825, district
上杭县, 350823, district
武平县, 350824, district
新罗区, 350802, district
永定区, 350803, district
漳平市, 350881, district
长汀县, 350821, district
南平市, 350700, city
光泽县, 350723, district
建瓯市, 350783, district
建阳区, 350703, district
浦城县, 350722, district
邵武市, 350781, district
顺昌县, 350721, district
松溪县, 350724, district
武夷山市, 350782, district
延平区, 350702, district
政和县, 350725, district
宁德市, 350900, city
福鼎市, 350982, district
福安市, 350981, district
古田县, 350922, district
蕉城区, 350902, district
屏南县, 350923, district
寿宁县, 350924, district
霞浦县, 350921, district
柘荣县, 350926, district
周宁县, 350925, district
厦门市, 350200, city
海沧区, 350205, district
湖里区, 350206, district
集美区, 350211, district
思明区, 350203, district
同安区, 350212, district
翔安区, 350213, district
莆田市, 350300, city
城厢区, 350302, district
涵江区, 350303, district
荔城区, 350304, district
仙游县, 350322, district
秀屿区, 350305, district
三明市, 350400, city
大田县, 350425, district
建宁县, 350430, district
将乐县, 350428, district
梅列区, 350402, district
明溪县, 350421, district
宁化县, 350424, district
清流县, 350423, district
三元区, 350403, district
沙县, 350427, district
泰宁县, 350429, district
永安市, 350481, district
尤溪县, 350426, district
泉州市, 350500, city
安溪县, 350524, district
德化县, 350526, district
丰泽区, 350503, district
惠安县, 350521, district
金门县, 350527, district
晋江市, 350582, district
鲤城区, 350502, district
洛江区, 350504, district
南安市, 350583, district
泉港区, 350505, district
石狮市, 350581, district
永春县, 350525, district
漳州市, 350600, city
东山县, 350626, district
华安县, 350629, district
龙海市, 350681, district
龙文区, 350603, district
南靖县, 350627, district
平和县, 350628, district
芗城区, 350602, district
云霄县, 350622, district
漳浦县, 350623, district
长泰县, 350625, district
诏安县, 350624, district
重庆市, 500000, province
重庆城区, 500100, city
巴南区, 500113, district
北碚区, 500109, district
璧山区, 500120, district
大渡口区, 500104, district
大足区, 500111, district
涪陵区, 500102, district
合川区, 500117, district
江北区, 500105, district
江津区, 500116, district
九龙坡区, 500107, district
开州区, 500154, district
南岸区, 500108, district
南川区, 500119, district
綦江区, 500110, district
黔江区, 500114, district
荣昌区, 500153, district
沙坪坝区, 500106, district
铜梁区, 500151, district
潼南区, 500152, district
万州区, 500101, district
永川区, 500118, district
渝北区, 500112, district
渝中区, 500103, district
长寿区, 500115, district
重庆郊县, 500200, city
城口县, 500229, district
垫江县, 500231, district
丰都县, 500230, district
奉节县, 500236, district
梁平区, 500155, district
彭水苗族土家族自治县, 500243, district
石柱土家族自治县, 500240, district
巫山县, 500237, district
巫溪县, 500238, district
武隆区, 500156, district
秀山土家族苗族自治县, 500241, district
酉阳土家族苗族自治县, 500242, district
云阳县, 500235, district
忠县, 500233, district
海南省, 460000, province
儋州市, 460400, city
海口市, 460100, city
龙华区, 460106, district
美兰区, 460108, district
琼山区, 460107, district
秀英区, 460105, district
三沙市, 460300, city
南沙群岛, 460322, district
西沙群岛, 460321, district
中沙群岛的岛礁及其海域, 460323, district
三亚市, 460200, city
海棠区, 460202, district
吉阳区, 460203, district
天涯区, 460204, district
崖州区, 460205, district
白沙黎族自治县, 469025, city
保亭黎族苗族自治县, 469029, city
昌江黎族自治县, 469026, city
澄迈县, 469023, city
定安县, 469021, city
东方市, 469007, city
乐东黎族自治县, 469027, city
临高县, 469024, city
陵水黎族自治县, 469028, city
琼海市, 469002, city
琼中黎族苗族自治县, 469030, city
屯昌县, 469022, city
万宁市, 469006, city
文昌市, 469005, city
五指山市, 469001, city
广东省, 440000, province
中山市, 442000, city
东沙群岛, 442100, city
潮州市, 445100, city
潮安区, 445103, district
饶平县, 445122, district
湘桥区, 445102, district
东莞市, 441900, city
佛山市, 440600, city
禅城区, 440604, district
高明区, 440608, district
南海区, 440605, district
三水区, 440607, district
顺德区, 440606, district
广州市, 440100, city
白云区, 440111, district
从化区, 440117, district
番禺区, 440113, district
海珠区, 440105, district
花都区, 440114, district
黄埔区, 440112, district
荔湾区, 440103, district
南沙区, 440115, district
天河区, 440106, district
越秀区, 440104, district
增城区, 440118, district
河源市, 441600, city
东源县, 441625, district
和平县, 441624, district
连平县, 441623, district
龙川县, 441622, district
源城区, 441602, district
紫金县, 441621, district
惠州市, 441300, city
博罗县, 441322, district
惠城区, 441302, district
惠东县, 441323, district
惠阳区, 441303, district
龙门县, 441324, district
江门市, 440700, city
恩平市, 440785, district
鹤山市, 440784, district
江海区, 440704, district
开平市, 440783, district
蓬江区, 440703, district
台山市, 440781, district
新会区, 440705, district
揭阳市, 445200, city
惠来县, 445224, district
揭东区, 445203, district
揭西县, 445222, district
普宁市, 445281, district
榕城区, 445202, district
茂名市, 440900, city
电白区, 440904, district
高州市, 440981, district
化州市, 440982, district
茂南区, 440902, district
信宜市, 440983, district
梅州市, 441400, city
大埔县, 441422, district
丰顺县, 441423, district
蕉岭县, 441427, district
梅江区, 441402, district
梅县区, 441403, district
平远县, 441426, district
五华县, 441424, district
兴宁市, 441481, district
清远市, 441800, city
佛冈县, 441821, district
连州市, 441882, district
连南瑶族自治县, 441826, district
连山壮族瑶族自治县, 441825, district
清新区, 441803, district
清城区, 441802, district
阳山县, 441823, district
英德市, 441881, district
汕头市, 440500, city
潮南区, 440514, district
澄海区, 440515, district
潮阳区, 440513, district
濠江区, 440512, district
金平区, 440511, district
龙湖区, 440507, district
南澳县, 440523, district
汕尾市, 441500, city
城区, 441502, district
海丰县, 441521, district
陆丰市, 441581, district
陆河县, 441523, district
韶关市, 440200, city
乐昌市, 440281, district
南雄市, 440282, district
曲江区, 440205, district
仁化县, 440224, district
乳源瑶族自治县, 440232, district
始兴县, 440222, district
翁源县, 440229, district
武江区, 440203, district
新丰县, 440233, district
浈江区, 440204, district
深圳市, 440300, city
宝安区, 440306, district
福田区, 440304, district
龙岗区, 440307, district
龙华区, 440309, district
罗湖区, 440303, district
南山区, 440305, district
坪山区, 440310, district
盐田区, 440308, district
阳江市, 441700, city
江城区, 441702, district
阳西县, 441721, district
阳东区, 441704, district
阳春市, 441781, district
云浮市, 445300, city
罗定市, 445381, district
新兴县, 445321, district
云安区, 445303, district
郁南县, 445322, district
云城区, 445302, district
湛江市, 440800, city
赤坎区, 440802, district
雷州市, 440882, district
廉江市, 440881, district
麻章区, 440811, district
坡头区, 440804, district
遂溪县, 440823, district
吴川市, 440883, district
霞山区, 440803, district
徐闻县, 440825, district
肇庆市, 441200, city
德庆县, 441226, district
鼎湖区, 441203, district
端州区, 441202, district
封开县, 441225, district
高要区, 441204, district
广宁县, 441223, district
怀集县, 441224, district
四会市, 441284, district
珠海市, 440400, city
斗门区, 440403, district
金湾区, 440404, district
香洲区, 440402, district
广西壮族自治区, 450000, province
北海市, 450500, city
海城区, 450502, district
合浦县, 450521, district
铁山港区, 450512, district
银海区, 450503, district
百色市, 451000, city
德保县, 451024, district
靖西市, 451081, district
乐业县, 451028, district
凌云县, 451027, district
隆林各族自治县, 451031, district
那坡县, 451026, district
平果县, 451023, district
田林县, 451029, district
田东县, 451022, district
田阳县, 451021, district
西林县, 451030, district
右江区, 451002, district
崇左市, 451400, city
大新县, 451424, district
扶绥县, 451421, district
江州区, 451402, district
龙州县, 451423, district
宁明县, 451422, district
凭祥市, 451481, district
天等县, 451425, district
防城港市, 450600, city
东兴市, 450681, district
防城区, 450603, district
港口区, 450602, district
上思县, 450621, district
桂林市, 450300, city
叠彩区, 450303, district
灌阳县, 450327, district
恭城瑶族自治县, 450332, district
荔浦县, 450331, district
临桂区, 450312, district
灵川县, 450323, district
龙胜各族自治县, 450328, district
平乐县, 450330, district
七星区, 450305, district
全州县, 450324, district
象山区, 450304, district
兴安县, 450325, district
秀峰区, 450302, district
阳朔县, 450321, district
雁山区, 450311, district
永福县, 450326, district
资源县, 450329, district
贵港市, 450800, city
港南区, 450803, district
港北区, 450802, district
桂平市, 450881, district
平南县, 450821, district
覃塘区, 450804, district
河池市, 451200, city
巴马瑶族自治县, 451227, district
大化瑶族自治县, 451229, district
东兰县, 451224, district
都安瑶族自治县, 451228, district
凤山县, 451223, district
环江毛南族自治县, 451226, district
金城江区, 451202, district
罗城仫佬族自治县, 451225, district
南丹县, 451221, district
天峨县, 451222, district
宜州区, 451203, district
贺州市, 451100, city
八步区, 451102, district
富川瑶族自治县, 451123, district
平桂区, 451103, district
昭平县, 451121, district
钟山县, 451122, district
来宾市, 451300, city
合山市, 451381, district
金秀瑶族自治县, 451324, district
武宣县, 451323, district
忻城县, 451321, district
象州县, 451322, district
兴宾区, 451302, district
柳州市, 450200, city
城中区, 450202, district
柳城县, 450222, district
柳北区, 450205, district
柳江区, 450206, district
柳南区, 450204, district
鹿寨县, 450223, district
融水苗族自治县, 450225, district
融安县, 450224, district
三江侗族自治县, 450226, district
鱼峰区, 450203, district
南宁市, 450100, city
宾阳县, 450126, district
横县, 450127, district
江南区, 450105, district
良庆区, 450108, district
隆安县, 450123, district
马山县, 450124, district
青秀区, 450103, district
上林县, 450125, district
武鸣区, 450110, district
西乡塘区, 450107, district
兴宁区, 450102, district
邕宁区, 450109, district
钦州市, 450700, city
灵山县, 450721, district
浦北县, 450722, district
钦北区, 450703, district
钦南区, 450702, district
梧州市, 450400, city
苍梧县, 450421, district
岑溪市, 450481, district
龙圩区, 450406, district
蒙山县, 450423, district
藤县, 450422, district
万秀区, 450403, district
长洲区, 450405, district
玉林市, 450900, city
博白县, 450923, district
北流市, 450981, district
福绵区, 450903, district
陆川县, 450922, district
容县, 450921, district
兴业县, 450924, district
玉州区, 450902, district
山西省, 140000, province
大同市, 140200, city
城区, 140202, district
大同县, 140227, district
广灵县, 140223, district
浑源县, 140225, district
矿区, 140203, district
灵丘县, 140224, district
南郊区, 140211, district
天镇县, 140222, district
新荣区, 140212, district
阳高县, 140221, district
左云县, 140226, district
晋城市, 140500, city
城区, 140502, district
高平市, 140581, district
陵川县, 140524, district
沁水县, 140521, district
阳城县, 140522, district
泽州县, 140525, district
晋中市, 140700, city
和顺县, 140723, district
介休市, 140781, district
灵石县, 140729, district
平遥县, 140728, district
祁县, 140727, district
寿阳县, 140725, district
太谷县, 140726, district
昔阳县, 140724, district
榆次区, 140702, district
榆社县, 140721, district
左权县, 140722, district
临汾市, 141000, city
安泽县, 141026, district
大宁县, 141030, district
汾西县, 141034, district
浮山县, 141027, district
古县, 141025, district
洪洞县, 141024, district
侯马市, 141081, district
霍州市, 141082, district
吉县, 141028, district
蒲县, 141033, district
曲沃县, 141021, district
隰县, 141031, district
襄汾县, 141023, district
乡宁县, 141029, district
尧都区, 141002, district
翼城县, 141022, district
永和县, 141032, district
吕梁市, 141100, city
方山县, 141128, district
汾阳市, 141182, district
交城县, 141122, district
交口县, 141130, district
岚县, 141127, district
离石区, 141102, district
柳林县, 141125, district
临县, 141124, district
石楼县, 141126, district
文水县, 141121, district
孝义市, 141181, district
兴县, 141123, district
中阳县, 141129, district
朔州市, 140600, city
怀仁县, 140624, district
平鲁区, 140603, district
山阴县, 140621, district
朔城区, 140602, district
应县, 140622, district
右玉县, 140623, district
太原市, 140100, city
古交市, 140181, district
尖草坪区, 140108, district
晋源区, 140110, district
娄烦县, 140123, district
清徐县, 140121, district
万柏林区, 140109, district
小店区, 140105, district
杏花岭区, 140107, district
阳曲县, 140122, district
迎泽区, 140106, district
阳泉市, 140300, city
城区, 140302, district
郊区, 140311, district
矿区, 140303, district
平定县, 140321, district
盂县, 140322, district
忻州市, 140900, city
保德县, 140931, district
代县, 140923, district
定襄县, 140921, district
繁峙县, 140924, district
河曲县, 140930, district
静乐县, 140926, district
岢岚县, 140929, district
宁武县, 140925, district
偏关县, 140932, district
神池县, 140927, district
五寨县, 140928, district
五台县, 140922, district
忻府区, 140902, district
原平市, 140981, district
运城市, 140800, city
河津市, 140882, district
稷山县, 140824, district
绛县, 140826, district
临猗县, 140821, district
平陆县, 140829, district
芮城县, 140830, district
万荣县, 140822, district
闻喜县, 140823, district
夏县, 140828, district
新绛县, 140825, district
盐湖区, 140802, district
永济市, 140881, district
垣曲县, 140827, district
长治市, 140400, city
城区, 140402, district
壶关县, 140427, district
郊区, 140411, district
黎城县, 140426, district
潞城市, 140481, district
平顺县, 140425, district
沁县, 140430, district
沁源县, 140431, district
屯留县, 140424, district
武乡县, 140429, district
襄垣县, 140423, district
长治县, 140421, district
长子县, 140428, district
甘肃省, 620000, province
白银市, 620400, city
白银区, 620402, district
会宁县, 620422, district
景泰县, 620423, district
靖远县, 620421, district
平川区, 620403, district
甘南藏族自治州, 623000, city
迭部县, 623024, district
合作市, 623001, district
临潭县, 623021, district
碌曲县, 623026, district
玛曲县, 623025, district
夏河县, 623027, district
舟曲县, 623023, district
卓尼县, 623022, district
定西市, 621100, city
安定区, 621102, district
临洮县, 621124, district
陇西县, 621122, district
岷县, 621126, district
通渭县, 621121, district
渭源县, 621123, district
漳县, 621125, district
嘉峪关市, 620200, city
金昌市, 620300, city
金川区, 620302, district
永昌县, 620321, district
酒泉市, 620900, city
阿克塞哈萨克族自治县, 620924, district
敦煌市, 620982, district
瓜州县, 620922, district
金塔县, 620921, district
肃州区, 620902, district
肃北蒙古族自治县, 620923, district
玉门市, 620981, district
兰州市, 620100, city
安宁区, 620105, district
城关区, 620102, district
皋兰县, 620122, district
红古区, 620111, district
七里河区, 620103, district
西固区, 620104, district
永登县, 620121, district
榆中县, 620123, district
临夏回族自治州, 622900, city
东乡族自治县, 622926, district
广河县, 622924, district
和政县, 622925, district
积石山保安族东乡族撒拉族自治县, 622927, district
康乐县, 622922, district
临夏市, 622901, district
临夏县, 622921, district
永靖县, 622923, district
陇南市, 621200, city
成县, 621221, district
宕昌县, 621223, district
徽县, 621227, district
康县, 621224, district
礼县, 621226, district
两当县, 621228, district
文县, 621222, district
武都区, 621202, district
西和县, 621225, district
平凉市, 620800, city
崇信县, 620823, district
华亭县, 620824, district
泾川县, 620821, district
静宁县, 620826, district
崆峒区, 620802, district
灵台县, 620822, district
庄浪县, 620825, district
庆阳市, 621000, city
合水县, 621024, district
华池县, 621023, district
环县, 621022, district
宁县, 621026, district
庆城县, 621021, district
西峰区, 621002, district
镇原县, 621027, district
正宁县, 621025, district
天水市, 620500, city
甘谷县, 620523, district
麦积区, 620503, district
秦安县, 620522, district
秦州区, 620502, district
清水县, 620521, district
武山县, 620524, district
张家川回族自治县, 620525, district
武威市, 620600, city
古浪县, 620622, district
凉州区, 620602, district
民勤县, 620621, district
天祝藏族自治县, 620623, district
张掖市, 620700, city
甘州区, 620702, district
高台县, 620724, district
临泽县, 620723, district
民乐县, 620722, district
山丹县, 620725, district
肃南裕固族自治县, 620721, district
台湾省, 710000, province
江苏省, 320000, province
常州市, 320400, city
金坛区, 320413, district
溧阳市, 320481, district
天宁区, 320402, district
武进区, 320412, district
新北区, 320411, district
钟楼区, 320404, district
淮安市, 320800, city
洪泽区, 320813, district
淮安区, 320803, district
淮阴区, 320804, district
金湖县, 320831, district
涟水县, 320826, district
清江浦区, 320812, district
盱眙县, 320830, district
连云港市, 320700, city
东海县, 320722, district
赣榆区, 320707, district
灌云县, 320723, district
灌南县, 320724, district
海州区, 320706, district
连云区, 320703, district
南京市, 320100, city
高淳区, 320118, district
鼓楼区, 320106, district
江宁区, 320115, district
建邺区, 320105, district
溧水区, 320117, district
六合区, 320116, district
浦口区, 320111, district
栖霞区, 320113, district
秦淮区, 320104, district
玄武区, 320102, district
雨花台区, 320114, district
南通市, 320600, city
崇川区, 320602, district
港闸区, 320611, district
海安县, 320621, district
海门市, 320684, district
启东市, 320681, district
如皋市, 320682, district
如东县, 320623, district
通州区, 320612, district
苏州市, 320500, city
常熟市, 320581, district
姑苏区, 320508, district
虎丘区, 320505, district
昆山市, 320583, district
太仓市, 320585, district
吴江区, 320509, district
吴中区, 320506, district
相城区, 320507, district
张家港市, 320582, district
宿迁市, 321300, city
沭阳县, 321322, district
泗洪县, 321324, district
泗阳县, 321323, district
宿豫区, 321311, district
宿城区, 321302, district
泰州市, 321200, city
高港区, 321203, district
海陵区, 321202, district
姜堰区, 321204, district
靖江市, 321282, district
泰兴市, 321283, district
兴化市, 321281, district
无锡市, 320200, city
滨湖区, 320211, district
惠山区, 320206, district
江阴市, 320281, district
梁溪区, 320213, district
锡山区, 320205, district
新吴区, 320214, district
宜兴市, 320282, district
徐州市, 320300, city
丰县, 320321, district
鼓楼区, 320302, district
贾汪区, 320305, district
沛县, 320322, district
邳州市, 320382, district
泉山区, 320311, district
睢宁县, 320324, district
铜山区, 320312, district
新沂市, 320381, district
云龙区, 320303, district
盐城市, 320900, city
滨海县, 320922, district
大丰区, 320904, district
东台市, 320981, district
阜宁县, 320923, district
建湖县, 320925, district
射阳县, 320924, district
亭湖区, 320902, district
响水县, 320921, district
盐都区, 320903, district
扬州市, 321000, city
宝应县, 321023, district
高邮市, 321084, district
广陵区, 321002, district
邗江区, 321003, district
江都区, 321012, district
仪征市, 321081, district
镇江市, 321100, city
丹徒区, 321112, district
丹阳市, 321181, district
京口区, 321102, district
句容市, 321183, district
润州区, 321111, district
扬中市, 321182, district
河南省, 410000, province
安阳市, 410500, city
安阳县, 410522, district
北关区, 410503, district
滑县, 410526, district
林州市, 410581, district
龙安区, 410506, district
内黄县, 410527, district
汤阴县, 410523, district
文峰区, 410502, district
殷都区, 410505, district
鹤壁市, 410600, city
鹤山区, 410602, district
浚县, 410621, district
淇滨区, 410611, district
淇县, 410622, district
山城区, 410603, district
焦作市, 410800, city
博爱县, 410822, district
解放区, 410802, district
马村区, 410804, district
孟州市, 410883, district
沁阳市, 410882, district
山阳区, 410811, district
温县, 410825, district
武陟县, 410823, district
修武县, 410821, district
中站区, 410803, district
开封市, 410200, city
鼓楼区, 410204, district
兰考县, 410225, district
龙亭区, 410202, district
杞县, 410221, district
顺河回族区, 410203, district
通许县, 410222, district
尉氏县, 410223, district
祥符区, 410212, district
禹王台区, 410205, district
漯河市, 411100, city
临颍县, 411122, district
舞阳县, 411121, district
郾城区, 411103, district
源汇区, 411102, district
召陵区, 411104, district
洛阳市, 410300, city
瀍河回族区, 410304, district
吉利区, 410306, district
涧西区, 410305, district
老城区, 410302, district
栾川县, 410324, district
洛宁县, 410328, district
洛龙区, 410311, district
孟津县, 410322, district
汝阳县, 410326, district
嵩县, 410325, district
西工区, 410303, district
新安县, 410323, district
伊川县, 410329, district
偃师市, 410381, district
宜阳县, 410327, district
南阳市, 411300, city
邓州市, 411381, district
方城县, 411322, district
南召县, 411321, district
内乡县, 411325, district
社旗县, 411327, district
唐河县, 411328, district
桐柏县, 411330, district
宛城区, 411302, district
卧龙区, 411303, district
淅川县, 411326, district
西峡县, 411323, district
新野县, 411329, district
镇平县, 411324, district
平顶山市, 410400, city
宝丰县, 410421, district
郏县, 410425, district
鲁山县, 410423, district
汝州市, 410482, district
石龙区, 410404, district
卫东区, 410403, district
舞钢市, 410481, district
新华区, 410402, district
叶县, 410422, district
湛河区, 410411, district
濮阳市, 410900, city
范县, 410926, district
华龙区, 410902, district
南乐县, 410923, district
濮阳县, 410928, district
清丰县, 410922, district
台前县, 410927, district
商丘市, 411400, city
梁园区, 411402, district
民权县, 411421, district
宁陵县, 411423, district
睢县, 411422, district
睢阳区, 411403, district
夏邑县, 411426, district
永城市, 411481, district
虞城县, 411425, district
柘城县, 411424, district
三门峡市, 411200, city
湖滨区, 411202, district
灵宝市, 411282, district
卢氏县, 411224, district
渑池县, 411221, district
陕州区, 411203, district
义马市, 411281, district
许昌市, 411000, city
建安区, 411003, district
魏都区, 411002, district
襄城县, 411025, district
鄢陵县, 411024, district
禹州市, 411081, district
长葛市, 411082, district
新乡市, 410700, city
封丘县, 410727, district
凤泉区, 410704, district
红旗区, 410702, district
辉县市, 410782, district
获嘉县, 410724, district
牧野区, 410711, district
卫辉市, 410781, district
卫滨区, 410703, district
新乡县, 410721, district
延津县, 410726, district
原阳县, 410725, district
长垣县, 410728, district
信阳市, 411500, city
固始县, 411525, district
光山县, 411522, district
淮滨县, 411527, district
潢川县, 411526, district
罗山县, 411521, district
平桥区, 411503, district
商城县, 411524, district
浉河区, 411502, district
息县, 411528, district
新县, 411523, district
郑州市, 410100, city
登封市, 410185, district
二七区, 410103, district
巩义市, 410181, district
管城回族区, 410104, district
惠济区, 410108, district
金水区, 410105, district
上街区, 410106, district
新密市, 410183, district
新郑市, 410184, district
荥阳市, 410182, district
中牟县, 410122, district
中原区, 410102, district
周口市, 411600, city
沈丘县, 411624, district
川汇区, 411602, district
郸城县, 411625, district
扶沟县, 411621, district
淮阳县, 411626, district
鹿邑县, 411628, district
商水县, 411623, district
太康县, 411627, district
西华县, 411622, district
项城市, 411681, district
驻马店市, 411700, city
泌阳县, 411726, district
平舆县, 411723, district
确山县, 411725, district
上蔡县, 411722, district
汝南县, 411727, district
遂平县, 411728, district
西平县, 411721, district
新蔡县, 411729, district
驿城区, 411702, district
正阳县, 411724, district
济源市, 419001, city
河北省, 130000, province
保定市, 130600, city
安国市, 130683, district
安新县, 130632, district
博野县, 130637, district
定州市, 130682, district
定兴县, 130626, district
阜平县, 130624, district
高阳县, 130628, district
高碑店市, 130684, district
竞秀区, 130602, district
涞水县, 130623, district
莲池区, 130606, district
蠡县, 130635, district
涞源县, 130630, district
满城区, 130607, district
清苑区, 130608, district
曲阳县, 130634, district
容城县, 130629, district
顺平县, 130636, district
唐县, 130627, district
望都县, 130631, district
雄县, 130638, district
徐水区, 130609, district
易县, 130633, district
涿州市, 130681, district
沧州市, 130900, city
沧县, 130921, district
东光县, 130923, district
海兴县, 130924, district
河间市, 130984, district
黄骅市, 130983, district
孟村回族自治县, 130930, district
南皮县, 130927, district
泊头市, 130981, district
青县, 130922, district
任丘市, 130982, district
肃宁县, 130926, district
吴桥县, 130928, district
献县, 130929, district
新华区, 130902, district
盐山县, 130925, district
运河区, 130903, district
承德市, 130800, city
承德县, 130821, district
丰宁满族自治县, 130826, district
宽城满族自治县, 130827, district
隆化县, 130825, district
滦平县, 130824, district
平泉市, 130881, district
双桥区, 130802, district
双滦区, 130803, district
围场满族蒙古族自治县, 130828, district
兴隆县, 130822, district
鹰手营子矿区, 130804, district
邯郸市, 130400, city
成安县, 130424, district
磁县, 130427, district
丛台区, 130403, district
大名县, 130425, district
肥乡区, 130407, district
峰峰矿区, 130406, district
复兴区, 130404, district
广平县, 130432, district
馆陶县, 130433, district
邯山区, 130402, district
鸡泽县, 130431, district
临漳县, 130423, district
曲周县, 130435, district
邱县, 130430, district
涉县, 130426, district
魏县, 130434, district
武安市, 130481, district
永年区, 130408, district
衡水市, 131100, city
安平县, 131125, district
阜城县, 131128, district
故城县, 131126, district
冀州区, 131103, district
景县, 131127, district
饶阳县, 131124, district
深州市, 131182, district
桃城区, 131102, district
武强县, 131123, district
武邑县, 131122, district
枣强县, 131121, district
廊坊市, 131000, city
霸州市, 131081, district
安次区, 131002, district
大厂回族自治县, 131028, district
大城县, 131025, district
固安县, 131022, district
广阳区, 131003, district
三河市, 131082, district
文安县, 131026, district
香河县, 131024, district
永清县, 131023, district
秦皇岛市, 130300, city
北戴河区, 130304, district
昌黎县, 130322, district
抚宁区, 130306, district
海港区, 130302, district
卢龙县, 130324, district
青龙满族自治县, 130321, district
山海关区, 130303, district
石家庄市, 130100, city
藁城区, 130109, district
高邑县, 130127, district
井陉县, 130121, district
晋州市, 130183, district
井陉矿区, 130107, district
灵寿县, 130126, district
栾城区, 130111, district
鹿泉区, 130110, district
平山县, 130131, district
桥西区, 130104, district
深泽县, 130128, district
无极县, 130130, district
辛集市, 130181, district
行唐县, 130125, district
新乐市, 130184, district
新华区, 130105, district
裕华区, 130108, district
元氏县, 130132, district
赞皇县, 130129, district
长安区, 130102, district
正定县, 130123, district
赵县, 130133, district
唐山市, 130200, city
曹妃甸区, 130209, district
丰南区, 130207, district
丰润区, 130208, district
古冶区, 130204, district
开平区, 130205, district
乐亭县, 130225, district
滦南县, 130224, district
滦县, 130223, district
路南区, 130202, district
路北区, 130203, district
迁安市, 130283, district
迁西县, 130227, district
玉田县, 130229, district
遵化市, 130281, district
邢台市, 130500, city
柏乡县, 130524, district
广宗县, 130531, district
巨鹿县, 130529, district
临城县, 130522, district
临西县, 130535, district
隆尧县, 130525, district
内丘县, 130523, district
南宫市, 130581, district
南和县, 130527, district
宁晋县, 130528, district
平乡县, 130532, district
桥东区, 130502, district
桥西区, 130503, district
清河县, 130534, district
任县, 130526, district
沙河市, 130582, district
威县, 130533, district
新河县, 130530, district
邢台县, 130521, district
张家口市, 130700, city
赤城县, 130732, district
崇礼区, 130709, district
沽源县, 130724, district
怀安县, 130728, district
怀来县, 130730, district
康保县, 130723, district
桥西区, 130703, district
桥东区, 130702, district
尚义县, 130725, district
万全区, 130708, district
蔚县, 130726, district
下花园区, 130706, district
宣化区, 130705, district
阳原县, 130727, district
张北县, 130722, district
涿鹿县, 130731, district
安徽省, 340000, province
安庆市, 340800, city
大观区, 340803, district
怀宁县, 340822, district
潜山县, 340824, district
宿松县, 340826, district
太湖县, 340825, district
桐城市, 340881, district
望江县, 340827, district
宜秀区, 340811, district
迎江区, 340802, district
岳西县, 340828, district
蚌埠市, 340300, city
蚌山区, 340303, district
固镇县, 340323, district
淮上区, 340311, district
怀远县, 340321, district
龙子湖区, 340302, district
五河县, 340322, district
禹会区, 340304, district
亳州市, 341600, city
利辛县, 341623, district
蒙城县, 341622, district
谯城区, 341602, district
涡阳县, 341621, district
滁州市, 341100, city
定远县, 341125, district
凤阳县, 341126, district
来安县, 341122, district
琅琊区, 341102, district
明光市, 341182, district
南谯区, 341103, district
全椒县, 341124, district
天长市, 341181, district
池州市, 341700, city
东至县, 341721, district
贵池区, 341702, district
青阳县, 341723, district
石台县, 341722, district
阜阳市, 341200, city
阜南县, 341225, district
界首市, 341282, district
临泉县, 341221, district
太和县, 341222, district
颍东区, 341203, district
颍泉区, 341204, district
颍上县, 341226, district
颍州区, 341202, district
合肥市, 340100, city
包河区, 340111, district
巢湖市, 340181, district
肥西县, 340123, district
肥东县, 340122, district
庐阳区, 340103, district
庐江县, 340124, district
蜀山区, 340104, district
瑶海区, 340102, district
长丰县, 340121, district
黄山市, 341000, city
黄山区, 341003, district
徽州区, 341004, district
祁门县, 341024, district
歙县, 341021, district
屯溪区, 341002, district
休宁县, 341022, district
黟县, 341023, district
淮南市, 340400, city
八公山区, 340405, district
大通区, 340402, district
凤台县, 340421, district
潘集区, 340406, district
寿县, 340422, district
田家庵区, 340403, district
谢家集区, 340404, district
淮北市, 340600, city
杜集区, 340602, district
烈山区, 340604, district
濉溪县, 340621, district
相山区, 340603, district
六安市, 341500, city
霍邱县, 341522, district
霍山县, 341525, district
金寨县, 341524, district
金安区, 341502, district
舒城县, 341523, district
叶集区, 341504, district
裕安区, 341503, district
马鞍山市, 340500, city
博望区, 340506, district
当涂县, 340521, district
含山县, 340522, district
和县, 340523, district
花山区, 340503, district
雨山区, 340504, district
铜陵市, 340700, city
枞阳县, 340722, district
郊区, 340711, district
铜官区, 340705, district
义安区, 340706, district
宿州市, 341300, city
砀山县, 341321, district
灵璧县, 341323, district
泗县, 341324, district
萧县, 341322, district
埇桥区, 341302, district
芜湖市, 340200, city
繁昌县, 340222, district
镜湖区, 340202, district
鸠江区, 340207, district
南陵县, 340223, district
三山区, 340208, district
无为县, 340225, district
芜湖县, 340221, district
弋江区, 340203, district
宣城市, 341800, city
广德县, 341822, district
绩溪县, 341824, district
泾县, 341823, district
旌德县, 341825, district
郎溪县, 341821, district
宁国市, 341881, district
宣州区, 341802, district
湖南省, 430000, province
常德市, 430700, city
安乡县, 430721, district
鼎城区, 430703, district
汉寿县, 430722, district
津市市, 430781, district
澧县, 430723, district
临澧县, 430724, district
石门县, 430726, district
桃源县, 430725, district
武陵区, 430702, district
郴州市, 431000, city
安仁县, 431028, district
北湖区, 431002, district
桂阳县, 431021, district
桂东县, 431027, district
嘉禾县, 431024, district
临武县, 431025, district
汝城县, 431026, district
苏仙区, 431003, district
永兴县, 431023, district
宜章县, 431022, district
资兴市, 431081, district
衡阳市, 430400, city
常宁市, 430482, district
衡南县, 430422, district
衡山县, 430423, district
衡阳县, 430421, district
衡东县, 430424, district
耒阳市, 430481, district
南岳区, 430412, district
祁东县, 430426, district
石鼓区, 430407, district
雁峰区, 430406, district
蒸湘区, 430408, district
珠晖区, 430405, district
娄底市, 431300, city
冷水江市, 431381, district
涟源市, 431382, district
娄星区, 431302, district
双峰县, 431321, district
新化县, 431322, district
邵阳市, 430500, city
北塔区, 430511, district
城步苗族自治县, 430529, district
大祥区, 430503, district
洞口县, 430525, district
隆回县, 430524, district
邵东县, 430521, district
邵阳县, 430523, district
双清区, 430502, district
绥宁县, 430527, district
武冈市, 430581, district
新邵县, 430522, district
新宁县, 430528, district
湘西土家族苗族自治州, 433100, city
保靖县, 433125, district
凤凰县, 433123, district
古丈县, 433126, district
花垣县, 433124, district
吉首市, 433101, district
泸溪县, 433122, district
龙山县, 433130, district
永顺县, 433127, district
湘潭市, 430300, city
韶山市, 430382, district
湘潭县, 430321, district
湘乡市, 430381, district
雨湖区, 430302, district
岳塘区, 430304, district
永州市, 431100, city
道县, 431124, district
东安县, 431122, district
江华瑶族自治县, 431129, district
江永县, 431125, district
冷水滩区, 431103, district
蓝山县, 431127, district
零陵区, 431102, district
宁远县, 431126, district
祁阳县, 431121, district
双牌县, 431123, district
新田县, 431128, district
益阳市, 430900, city
安化县, 430923, district
赫山区, 430903, district
南县, 430921, district
桃江县, 430922, district
沅江市, 430981, district
资阳区, 430902, district
张家界市, 430800, city
慈利县, 430821, district
桑植县, 430822, district
武陵源区, 430811, district
永定区, 430802, district
株洲市, 430200, city
茶陵县, 430224, district
荷塘区, 430202, district
醴陵市, 430281, district
芦淞区, 430203, district
石峰区, 430204, district
天元区, 430211, district
炎陵县, 430225, district
攸县, 430223, district
株洲县, 430221, district
岳阳市, 430600, city
华容县, 430623, district
君山区, 430611, district
临湘市, 430682, district
汨罗市, 430681, district
平江县, 430626, district
湘阴县, 430624, district
云溪区, 430603, district
岳阳楼区, 430602, district
岳阳县, 430621, district
长沙市, 430100, city
芙蓉区, 430102, district
开福区, 430105, district
浏阳市, 430181, district
宁乡市, 430124, district
天心区, 430103, district
望城区, 430112, district
雨花区, 430111, district
岳麓区, 430104, district
长沙县, 430121, district
怀化市, 431200, city
辰溪县, 431223, district
洪江市, 431281, district
鹤城区, 431202, district
会同县, 431225, district
靖州苗族侗族自治县, 431229, district
麻阳苗族自治县, 431226, district
通道侗族自治县, 431230, district
新晃侗族自治县, 431227, district
溆浦县, 431224, district
沅陵县, 431222, district
芷江侗族自治县, 431228, district
中方县, 431221, district
上海市, 310000, province
上海城区, 310100, city
宝山区, 310113, district
崇明区, 310151, district
奉贤区, 310120, district
虹口区, 310109, district
黄浦区, 310101, district
嘉定区, 310114, district
金山区, 310116, district
静安区, 310106, district
闵行区, 310112, district
浦东新区, 310115, district
普陀区, 310107, district
青浦区, 310118, district
松江区, 310117, district
徐汇区, 310104, district
杨浦区, 310110, district
长宁区, 310105, district
湖北省, 420000, province
鄂州市, 420700, city
鄂城区, 420704, district
华容区, 420703, district
梁子湖区, 420702, district
恩施土家族苗族自治州, 422800, city
巴东县, 422823, district
恩施市, 422801, district
鹤峰县, 422828, district
建始县, 422822, district
来凤县, 422827, district
利川市, 422802, district
咸丰县, 422826, district
宣恩县, 422825, district
黄石市, 420200, city
大冶市, 420281, district
黄石港区, 420202, district
铁山区, 420205, district
西塞山区, 420203, district
下陆区, 420204, district
阳新县, 420222, district
黄冈市, 421100, city
红安县, 421122, district
黄梅县, 421127, district
黄州区, 421102, district
罗田县, 421123, district
麻城市, 421181, district
蕲春县, 421126, district
团风县, 421121, district
浠水县, 421125, district
武穴市, 421182, district
英山县, 421124, district
荆门市, 420800, city
东宝区, 420802, district
掇刀区, 420804, district
京山县, 420821, district
沙洋县, 420822, district
钟祥市, 420881, district
荆州市, 421000, city
公安县, 421022, district
洪湖市, 421083, district
监利县, 421023, district
江陵县, 421024, district
荆州区, 421003, district
沙市区, 421002, district
石首市, 421081, district
松滋市, 421087, district
随州市, 421300, city
曾都区, 421303, district
广水市, 421381, district
随县, 421321, district
十堰市, 420300, city
丹江口市, 420381, district
房县, 420325, district
茅箭区, 420302, district
郧西县, 420322, district
郧阳区, 420304, district
张湾区, 420303, district
竹山县, 420323, district
竹溪县, 420324, district
武汉市, 420100, city
蔡甸区, 420114, district
东西湖区, 420112, district
汉阳区, 420105, district
汉南区, 420113, district
洪山区, 420111, district
黄陂区, 420116, district
江汉区, 420103, district
江夏区, 420115, district
江岸区, 420102, district
硚口区, 420104, district
青山区, 420107, district
武昌区, 420106, district
新洲区, 420117, district
孝感市, 420900, city
安陆市, 420982, district
大悟县, 420922, district
汉川市, 420984, district
孝南区, 420902, district
孝昌县, 420921, district
应城市, 420981, district
云梦县, 420923, district
襄阳市, 420600, city
保康县, 420626, district
樊城区, 420606, district
谷城县, 420625, district
老河口市, 420682, district
南漳县, 420624, district
襄城区, 420602, district
襄州区, 420607, district
宜城市, 420684, district
枣阳市, 420683, district
咸宁市, 421200, city
赤壁市, 421281, district
崇阳县, 421223, district
嘉鱼县, 421221, district
通城县, 421222, district
通山县, 421224, district
咸安区, 421202, district
宜昌市, 420500, city
点军区, 420504, district
当阳市, 420582, district
五峰土家族自治县, 420529, district
伍家岗区, 420503, district
西陵区, 420502, district
猇亭区, 420505, district
兴山县, 420526, district
夷陵区, 420506, district
宜都市, 420581, district
远安县, 420525, district
长阳土家族自治县, 420528, district
枝江市, 420583, district
秭归县, 420527, district
潜江市, 429005, city
神农架林区, 429021, city
天门市, 429006, city
仙桃市, 429004, city
黑龙江省, 230000, province
大庆市, 230600, city
大同区, 230606, district
杜尔伯特蒙古族自治县, 230624, district
红岗区, 230605, district
林甸县, 230623, district
龙凤区, 230603, district
萨尔图区, 230602, district
让胡路区, 230604, district
肇州县, 230621, district
肇源县, 230622, district
大兴安岭地区, 232700, city
呼玛县, 232721, district
加格达奇区, 232701, district
漠河县, 232723, district
塔河县, 232722, district
哈尔滨市, 230100, city
阿城区, 230112, district
巴彦县, 230126, district
宾县, 230125, district
道里区, 230102, district
道外区, 230104, district
方正县, 230124, district
呼兰区, 230111, district
木兰县, 230127, district
南岗区, 230103, district
平房区, 230108, district
尚志市, 230183, district
双城区, 230113, district
松北区, 230109, district
通河县, 230128, district
五常市, 230184, district
香坊区, 230110, district
延寿县, 230129, district
依兰县, 230123, district
鹤岗市, 230400, city
东山区, 230406, district
工农区, 230403, district
萝北县, 230421, district
南山区, 230404, district
绥滨县, 230422, district
向阳区, 230402, district
兴山区, 230407, district
兴安区, 230405, district
黑河市, 231100, city
爱辉区, 231102, district
北安市, 231181, district
嫩江县, 231121, district
孙吴县, 231124, district
五大连池市, 231182, district
逊克县, 231123, district
鸡西市, 230300, city
城子河区, 230306, district
滴道区, 230304, district
恒山区, 230303, district
虎林市, 230381, district
鸡冠区, 230302, district
鸡东县, 230321, district
梨树区, 230305, district
麻山区, 230307, district
密山市, 230382, district
佳木斯市, 230800, city
东风区, 230805, district
富锦市, 230882, district
抚远市, 230883, district
桦川县, 230826, district
桦南县, 230822, district
郊区, 230811, district
前进区, 230804, district
汤原县, 230828, district
同江市, 230881, district
向阳区, 230803, district
牡丹江市, 231000, city
爱民区, 231004, district
东安区, 231002, district
东宁市, 231086, district
海林市, 231083, district
林口县, 231025, district
穆棱市, 231085, district
宁安市, 231084, district
绥芬河市, 231081, district
西安区, 231005, district
阳明区, 231003, district
齐齐哈尔市, 230200, city
昂昂溪区, 230205, district
拜泉县, 230231, district
富裕县, 230227, district
富拉尔基区, 230206, district
甘南县, 230225, district
建华区, 230203, district
克山县, 230229, district
克东县, 230230, district
龙江县, 230221, district
龙沙区, 230202, district
梅里斯达斡尔族区, 230208, district
碾子山区, 230207, district
讷河市, 230281, district
泰来县, 230224, district
铁锋区, 230204, district
依安县, 230223, district
七台河市, 230900, city
勃利县, 230921, district
茄子河区, 230904, district
桃山区, 230903, district
新兴区, 230902, district
绥化市, 231200, city
安达市, 231281, district
北林区, 231202, district
海伦市, 231283, district
兰西县, 231222, district
明水县, 231225, district
青冈县, 231223, district
庆安县, 231224, district
绥棱县, 231226, district
望奎县, 231221, district
肇东市, 231282, district
双鸭山市, 230500, city
宝山区, 230506, district
宝清县, 230523, district
集贤县, 230521, district
尖山区, 230502, district
岭东区, 230503, district
饶河县, 230524, district
四方台区, 230505, district
友谊县, 230522, district
伊春市, 230700, city
翠峦区, 230706, district
带岭区, 230713, district
红星区, 230715, district
嘉荫县, 230722, district
金山屯区, 230709, district
美溪区, 230708, district
南岔区, 230703, district
上甘岭区, 230716, district
汤旺河区, 230712, district
铁力市, 230781, district
乌马河区, 230711, district
乌伊岭区, 230714, district
五营区, 230710, district
西林区, 230705, district
伊春区, 230702, district
新青区, 230707, district
友好区, 230704, district
青海省, 630000, province
果洛藏族自治州, 632600, city
班玛县, 632622, district
达日县, 632624, district
甘德县, 632623, district
久治县, 632625, district
玛沁县, 632621, district
玛多县, 632626, district
海东市, 630200, city
互助土族自治县, 630223, district
化隆回族自治县, 630224, district
乐都区, 630202, district
民和回族土族自治县, 630222, district
平安区, 630203, district
循化撒拉族自治县, 630225, district
海北藏族自治州, 632200, city
刚察县, 632224, district
海晏县, 632223, district
门源回族自治县, 632221, district
祁连县, 632222, district
海西蒙古族藏族自治州, 632800, city
德令哈市, 632802, district
都兰县, 632822, district
格尔木市, 632801, district
海西蒙古族藏族自治州直辖, 632825, district
天峻县, 632823, district
乌兰县, 632821, district
海南藏族自治州, 632500, city
共和县, 632521, district
贵南县, 632525, district
贵德县, 632523, district
同德县, 632522, district
兴海县, 632524, district
黄南藏族自治州, 632300, city
河南蒙古族自治县, 632324, district
尖扎县, 632322, district
同仁县, 632321, district
泽库县, 632323, district
西宁市, 630100, city
城北区, 630105, district
城东区, 630102, district
城中区, 630103, district
城西区, 630104, district
大通回族土族自治县, 630121, district
湟中县, 630122, district
湟源县, 630123, district
玉树藏族自治州, 632700, city
称多县, 632723, district
囊谦县, 632725, district
曲麻莱县, 632726, district
玉树市, 632701, district
杂多县, 632722, district
治多县, 632724, district
江西省, 360000, province
抚州市, 361000, city
崇仁县, 361024, district
东乡区, 361003, district
广昌县, 361030, district
金溪县, 361027, district
黎川县, 361022, district
乐安县, 361025, district
临川区, 361002, district
南城县, 361021, district
南丰县, 361023, district
宜黄县, 361026, district
资溪县, 361028, district
赣州市, 360700, city
安远县, 360726, district
崇义县, 360725, district
大余县, 360723, district
定南县, 360728, district
赣县区, 360704, district
会昌县, 360733, district
龙南县, 360727, district
南康区, 360703, district
宁都县, 360730, district
全南县, 360729, district
瑞金市, 360781, district
上犹县, 360724, district
石城县, 360735, district
信丰县, 360722, district
兴国县, 360732, district
寻乌县, 360734, district
于都县, 360731, district
章贡区, 360702, district
吉安市, 360800, city
安福县, 360829, district
吉州区, 360802, district
吉安县, 360821, district
吉水县, 360822, district
井冈山市, 360881, district
青原区, 360803, district
泰和县, 360826, district
遂川县, 360827, district
万安县, 360828, district
峡江县, 360823, district
新干县, 360824, district
永新县, 360830, district
永丰县, 360825, district
九江市, 360400, city
德安县, 360426, district
都昌县, 360428, district
共青城市, 360482, district
湖口县, 360429, district
柴桑区, 360421, district
濂溪区, 360402, district
庐山市, 360483, district
彭泽县, 360430, district
瑞昌市, 360481, district
武宁县, 360423, district
浔阳区, 360403, district
修水县, 360424, district
永修县, 360425, district
景德镇市, 360200, city
昌江区, 360202, district
浮梁县, 360222, district
乐平市, 360281, district
珠山区, 360203, district
南昌市, 360100, city
安义县, 360123, district
东湖区, 360102, district
进贤县, 360124, district
南昌县, 360121, district
青山湖区, 360111, district
青云谱区, 360104, district
湾里区, 360105, district
西湖区, 360103, district
新建区, 360112, district
萍乡市, 360300, city
安源区, 360302, district
莲花县, 360321, district
芦溪县, 360323, district
上栗县, 360322, district
湘东区, 360313, district
上饶市, 361100, city
德兴市, 361181, district
广丰区, 361103, district
横峰县, 361125, district
鄱阳县, 361128, district
铅山县, 361124, district
广信区, 361121, district
万年县, 361129, district
婺源县, 361130, district
信州区, 361102, district
弋阳县, 361126, district
余干县, 361127, district
玉山县, 361123, district
新余市, 360500, city
分宜县, 360521, district
渝水区, 360502, district
宜春市, 360900, city
奉新县, 360921, district
丰城市, 360981, district
高安市, 360983, district
靖安县, 360925, district
上高县, 360923, district
铜鼓县, 360926, district
万载县, 360922, district
宜丰县, 360924, district
袁州区, 360902, district
樟树市, 360982, district
鹰潭市, 360600, city
贵溪市, 360681, district
余江县, 360622, district
月湖区, 360602, district
内蒙古自治区, 150000, province
阿拉善盟, 152900, city
阿拉善右旗, 152922, district
阿拉善左旗, 152921, district
额济纳旗, 152923, district
巴彦淖尔市, 150800, city
磴口县, 150822, district
杭锦后旗, 150826, district
临河区, 150802, district
乌拉特中旗, 150824, district
乌拉特前旗, 150823, district
乌拉特后旗, 150825, district
五原县, 150821, district
包头市, 150200, city
白云鄂博矿区, 150206, district
达尔罕茂明安联合旗, 150223, district
东河区, 150202, district
固阳县, 150222, district
九原区, 150207, district
昆都仑区, 150203, district
青山区, 150204, district
石拐区, 150205, district
土默特右旗, 150221, district
赤峰市, 150400, city
阿鲁科尔沁旗, 150421, district
巴林右旗, 150423, district
敖汉旗, 150430, district
巴林左旗, 150422, district
红山区, 150402, district
喀喇沁旗, 150428, district
克什克腾旗, 150425, district
林西县, 150424, district
宁城县, 150429, district
松山区, 150404, district
翁牛特旗, 150426, district
元宝山区, 150403, district
鄂尔多斯市, 150600, city
达拉特旗, 150621, district
东胜区, 150602, district
鄂托克旗, 150624, district
鄂托克前旗, 150623, district
杭锦旗, 150625, district
康巴什区, 150603, district
乌审旗, 150626, district
伊金霍洛旗, 150627, district
准格尔旗, 150622, district
呼和浩特市, 150100, city
和林格尔县, 150123, district
回民区, 150103, district
清水河县, 150124, district
赛罕区, 150105, district
土默特左旗, 150121, district
托克托县, 150122, district
武川县, 150125, district
新城区, 150102, district
玉泉区, 150104, district
呼伦贝尔市, 150700, city
阿荣旗, 150721, district
陈巴尔虎旗, 150725, district
额尔古纳市, 150784, district
鄂伦春自治旗, 150723, district
鄂温克族自治旗, 150724, district
根河市, 150785, district
海拉尔区, 150702, district
满洲里市, 150781, district
莫力达瓦达斡尔族自治旗, 150722, district
新巴尔虎右旗, 150727, district
新巴尔虎左旗, 150726, district
牙克石市, 150782, district
扎兰屯市, 150783, district
扎赉诺尔区, 150703, district
乌海市, 150300, city
海勃湾区, 150302, district
海南区, 150303, district
乌达区, 150304, district
乌兰察布市, 150900, city
察哈尔右翼中旗, 150927, district
察哈尔右翼前旗, 150926, district
察哈尔右翼后旗, 150928, district
丰镇市, 150981, district
化德县, 150922, district
集宁区, 150902, district
凉城县, 150925, district
商都县, 150923, district
四子王旗, 150929, district
兴和县, 150924, district
卓资县, 150921, district
通辽市, 150500, city
霍林郭勒市, 150581, district
科尔沁左翼中旗, 150521, district
开鲁县, 150523, district
科尔沁区, 150502, district
科尔沁左翼后旗, 150522, district
库伦旗, 150524, district
奈曼旗, 150525, district
扎鲁特旗, 150526, district
锡林郭勒盟, 152500, city
阿巴嘎旗, 152522, district
东乌珠穆沁旗, 152525, district
二连浩特市, 152501, district
多伦县, 152531, district
苏尼特右旗, 152524, district
苏尼特左旗, 152523, district
太仆寺旗, 152527, district
锡林浩特市, 152502, district
镶黄旗, 152528, district
西乌珠穆沁旗, 152526, district
正镶白旗, 152529, district
正蓝旗, 152530, district
兴安盟, 152200, city
阿尔山市, 152202, district
科尔沁右翼中旗, 152222, district
科尔沁右翼前旗, 152221, district
突泉县, 152224, district
乌兰浩特市, 152201, district
扎赉特旗, 152223, district
辽宁省, 210000, province
鞍山市, 210300, city
海城市, 210381, district
立山区, 210304, district
千山区, 210311, district
台安县, 210321, district
铁东区, 210302, district
铁西区, 210303, district
岫岩满族自治县, 210323, district
本溪市, 210500, city
本溪满族自治县, 210521, district
桓仁满族自治县, 210522, district
明山区, 210504, district
南芬区, 210505, district
平山区, 210502, district
溪湖区, 210503, district
朝阳市, 211300, city
北票市, 211381, district
朝阳县, 211321, district
建平县, 211322, district
喀喇沁左翼蒙古族自治县, 211324, district
凌源市, 211382, district
龙城区, 211303, district
双塔区, 211302, district
丹东市, 210600, city
东港市, 210681, district
凤城市, 210682, district
宽甸满族自治县, 210624, district
元宝区, 210602, district
振安区, 210604, district
振兴区, 210603, district
大连市, 210200, city
甘井子区, 210211, district
金州区, 210213, district
旅顺口区, 210212, district
普兰店区, 210214, district
沙河口区, 210204, district
瓦房店市, 210281, district
西岗区, 210203, district
长海县, 210224, district
庄河市, 210283, district
中山区, 210202, district
抚顺市, 210400, city
东洲区, 210403, district
抚顺县, 210421, district
清原满族自治县, 210423, district
顺城区, 210411, district
望花区, 210404, district
新宾满族自治县, 210422, district
新抚区, 210402, district
阜新市, 210900, city
阜新蒙古族自治县, 210921, district
海州区, 210902, district
清河门区, 210905, district
太平区, 210904, district
细河区, 210911, district
新邱区, 210903, district
彰武县, 210922, district
葫芦岛市, 211400, city
建昌县, 211422, district
连山区, 211402, district
龙港区, 211403, district
南票区, 211404, district
绥中县, 211421, district
兴城市, 211481, district
锦州市, 210700, city
北镇市, 210782, district
古塔区, 210702, district
黑山县, 210726, district
凌河区, 210703, district
凌海市, 210781, district
太和区, 210711, district
义县, 210727, district
辽阳市, 211000, city
白塔区, 211002, district
灯塔市, 211081, district
弓长岭区, 211005, district
宏伟区, 211004, district
辽阳县, 211021, district
太子河区, 211011, district
文圣区, 211003, district
盘锦市, 211100, city
大洼区, 211104, district
盘山县, 211122, district
双台子区, 211102, district
兴隆台区, 211103, district
沈阳市, 210100, city
沈河区, 210103, district
沈北新区, 210113, district
大东区, 210104, district
法库县, 210124, district
和平区, 210102, district
皇姑区, 210105, district
浑南区, 210112, district
康平县, 210123, district
辽中区, 210115, district
苏家屯区, 210111, district
铁西区, 210106, district
新民市, 210181, district
于洪区, 210114, district
铁岭市, 211200, city
昌图县, 211224, district
调兵山市, 211281, district
开原市, 211282, district
清河区, 211204, district
铁岭县, 211221, district
西丰县, 211223, district
银州区, 211202, district
营口市, 210800, city
鲅鱼圈区, 210804, district
大石桥市, 210882, district
盖州市, 210881, district
老边区, 210811, district
西市区, 210803, district
站前区, 210802, district
宁夏回族自治区, 640000, province
固原市, 640400, city
泾源县, 640424, district
隆德县, 640423, district
彭阳县, 640425, district
西吉县, 640422, district
原州区, 640402, district
石嘴山市, 640200, city
大武口区, 640202, district
惠农区, 640205, district
平罗县, 640221, district
吴忠市, 640300, city
红寺堡区, 640303, district
利通区, 640302, district
青铜峡市, 640381, district
同心县, 640324, district
盐池县, 640323, district
银川市, 640100, city
贺兰县, 640122, district
金凤区, 640106, district
灵武市, 640181, district
西夏区, 640105, district
兴庆区, 640104, district
永宁县, 640121, district
中卫市, 640500, city
海原县, 640522, district
沙坡头区, 640502, district
中宁县, 640521, district
吉林省, 220000, province
白城市, 220800, city
大安市, 220882, district
洮北区, 220802, district
洮南市, 220881, district
通榆县, 220822, district
镇赉县, 220821, district
白山市, 220600, city
抚松县, 220621, district
浑江区, 220602, district
江源区, 220605, district
靖宇县, 220622, district
临江市, 220681, district
长白朝鲜族自治县, 220623, district
吉林市, 220200, city
昌邑区, 220202, district
船营区, 220204, district
丰满区, 220211, district
桦甸市, 220282, district
蛟河市, 220281, district
龙潭区, 220203, district
磐石市, 220284, district
舒兰市, 220283, district
永吉县, 220221, district
辽源市, 220400, city
东丰县, 220421, district
东辽县, 220422, district
龙山区, 220402, district
西安区, 220403, district
松原市, 220700, city
扶余市, 220781, district
乾安县, 220723, district
宁江区, 220702, district
前郭尔罗斯蒙古族自治县, 220721, district
长岭县, 220722, district
四平市, 220300, city
公主岭市, 220381, district
梨树县, 220322, district
双辽市, 220382, district
铁东区, 220303, district
铁西区, 220302, district
伊通满族自治县, 220323, district
通化市, 220500, city
东昌区, 220502, district
二道江区, 220503, district
辉南县, 220523, district
集安市, 220582, district
柳河县, 220524, district
梅河口市, 220581, district
通化县, 220521, district
延边朝鲜族自治州, 222400, city
安图县, 222426, district
敦化市, 222403, district
和龙市, 222406, district
珲春市, 222404, district
龙井市, 222405, district
图们市, 222402, district
汪清县, 222424, district
延吉市, 222401, district
长春市, 220100, city
朝阳区, 220104, district
德惠市, 220183, district
二道区, 220105, district
九台区, 220113, district
宽城区, 220103, district
绿园区, 220106, district
南关区, 220102, district
农安县, 220122, district
双阳区, 220112, district
榆树市, 220182, district
山东省, 370000, province
滨州市, 371600, city
博兴县, 371625, district
滨城区, 371602, district
惠民县, 371621, district
无棣县, 371623, district
阳信县, 371622, district
沾化区, 371603, district
邹平县, 371626, district
德州市, 371400, city
德城区, 371402, district
乐陵市, 371481, district
临邑县, 371424, district
陵城区, 371403, district
宁津县, 371422, district
平原县, 371426, district
齐河县, 371425, district
庆云县, 371423, district
武城县, 371428, district
夏津县, 371427, district
禹城市, 371482, district
东营市, 370500, city
东营区, 370502, district
广饶县, 370523, district
河口区, 370503, district
垦利区, 370505, district
利津县, 370522, district
菏泽市, 371700, city
曹县, 371721, district
成武县, 371723, district
单县, 371722, district
定陶区, 371703, district
东明县, 371728, district
鄄城县, 371726, district
巨野县, 371724, district
牡丹区, 371702, district
郓城县, 371725, district
济南市, 370100, city
槐荫区, 370104, district
济阳县, 370125, district
历下区, 370102, district
历城区, 370112, district
平阴县, 370124, district
商河县, 370126, district
市中区, 370103, district
天桥区, 370105, district
章丘区, 370114, district
长清区, 370113, district
济宁市, 370800, city
嘉祥县, 370829, district
金乡县, 370828, district
梁山县, 370832, district
曲阜市, 370881, district
任城区, 370811, district
泗水县, 370831, district
微山县, 370826, district
汶上县, 370830, district
兖州区, 370812, district
鱼台县, 370827, district
邹城市, 370883, district
莱芜市, 371200, city
钢城区, 371203, district
莱城区, 371202, district
聊城市, 371500, city
茌平县, 371523, district
东昌府区, 371502, district
东阿县, 371524, district
高唐县, 371526, district
冠县, 371525, district
临清市, 371581, district
莘县, 371522, district
阳谷县, 371521, district
临沂市, 371300, city
费县, 371325, district
河东区, 371312, district
莒南县, 371327, district
兰陵县, 371324, district
兰山区, 371302, district
临沭县, 371329, district
罗庄区, 371311, district
蒙阴县, 371328, district
平邑县, 371326, district
郯城县, 371322, district
沂南县, 371321, district
沂水县, 371323, district
青岛市, 370200, city
城阳区, 370214, district
黄岛区, 370211, district
即墨区, 370282, district
胶州市, 370281, district
莱西市, 370285, district
李沧区, 370213, district
崂山区, 370212, district
平度市, 370283, district
市南区, 370202, district
市北区, 370203, district
日照市, 371100, city
东港区, 371102, district
莒县, 371122, district
岚山区, 371103, district
五莲县, 371121, district
泰安市, 370900, city
岱岳区, 370911, district
东平县, 370923, district
肥城市, 370983, district
宁阳县, 370921, district
泰山区, 370902, district
新泰市, 370982, district
威海市, 371000, city
环翠区, 371002, district
乳山市, 371083, district
荣成市, 371082, district
文登区, 371003, district
潍坊市, 370700, city
安丘市, 370784, district
昌乐县, 370725, district
昌邑市, 370786, district
坊子区, 370704, district
高密市, 370785, district
寒亭区, 370703, district
奎文区, 370705, district
临朐县, 370724, district
青州市, 370781, district
寿光市, 370783, district
潍城区, 370702, district
诸城市, 370782, district
烟台市, 370600, city
福山区, 370611, district
海阳市, 370687, district
莱山区, 370613, district
莱阳市, 370682, district
莱州市, 370683, district
龙口市, 370681, district
牟平区, 370612, district
蓬莱市, 370684, district
栖霞市, 370686, district
招远市, 370685, district
芝罘区, 370602, district
长岛县, 370634, district
枣庄市, 370400, city
山亭区, 370406, district
市中区, 370402, district
台儿庄区, 370405, district
滕州市, 370481, district
薛城区, 370403, district
峄城区, 370404, district
淄博市, 370300, city
博山区, 370304, district
高青县, 370322, district
桓台县, 370321, district
临淄区, 370305, district
沂源县, 370323, district
张店区, 370303, district
周村区, 370306, district
淄川区, 370302, district
陕西省, 610000, province
安康市, 610900, city
白河县, 610929, district
汉阴县, 610921, district
汉滨区, 610902, district
岚皋县, 610925, district
宁陕县, 610923, district
平利县, 610926, district
石泉县, 610922, district
旬阳县, 610928, district
镇坪县, 610927, district
紫阳县, 610924, district
宝鸡市, 610300, city
陈仓区, 610304, district
凤县, 610330, district
凤翔县, 610322, district
扶风县, 610324, district
金台区, 610303, district
麟游县, 610329, district
陇县, 610327, district
眉县, 610326, district
岐山县, 610323, district
千阳县, 610328, district
太白县, 610331, district
渭滨区, 610302, district
汉中市, 610700, city
城固县, 610722, district
略阳县, 610727, district
佛坪县, 610730, district
汉台区, 610702, district
留坝县, 610729, district
勉县, 610725, district
南郑区, 610721, district
宁强县, 610726, district
西乡县, 610724, district
洋县, 610723, district
镇巴县, 610728, district
商洛市, 611000, city
丹凤县, 611022, district
洛南县, 611021, district
山阳县, 611024, district
商南县, 611023, district
商州区, 611002, district
柞水县, 611026, district
镇安县, 611025, district
铜川市, 610200, city
王益区, 610202, district
宜君县, 610222, district
耀州区, 610204, district
印台区, 610203, district
渭南市, 610500, city
白水县, 610527, district
澄城县, 610525, district
大荔县, 610523, district
富平县, 610528, district
韩城市, 610581, district
合阳县, 610524, district
华阴市, 610582, district
华州区, 610503, district
临渭区, 610502, district
蒲城县, 610526, district
潼关县, 610522, district
西安市, 610100, city
灞桥区, 610111, district
碑林区, 610103, district
高陵区, 610117, district
鄠邑区, 610118, district
蓝田县, 610122, district
莲湖区, 610104, district
临潼区, 610115, district
未央区, 610112, district
新城区, 610102, district
阎良区, 610114, district
雁塔区, 610113, district
长安区, 610116, district
周至县, 610124, district
咸阳市, 610400, city
彬县, 610427, district
淳化县, 610430, district
乾县, 610424, district
泾阳县, 610423, district
礼泉县, 610425, district
秦都区, 610402, district
三原县, 610422, district
渭城区, 610404, district
武功县, 610431, district
兴平市, 610481, district
旬邑县, 610429, district
杨陵区, 610403, district
永寿县, 610426, district
长武县, 610428, district
延安市, 610600, city
安塞区, 610603, district
宝塔区, 610602, district
富县, 610628, district
甘泉县, 610627, district
黄龙县, 610631, district
黄陵县, 610632, district
洛川县, 610629, district
吴起县, 610626, district
延川县, 610622, district
延长县, 610621, district
宜川县, 610630, district
志丹县, 610625, district
子长县, 610623, district
榆林市, 610800, city
定边县, 610825, district
府谷县, 610822, district
横山区, 610803, district
佳县, 610828, district
靖边县, 610824, district
米脂县, 610827, district
清涧县, 610830, district
神木市, 610881, district
绥德县, 610826, district
吴堡县, 610829, district
榆阳区, 610802, district
子洲县, 610831, district
新疆维吾尔自治区, 650000, province
阿克苏地区, 652900, city
阿克苏市, 652901, district
阿瓦提县, 652928, district
拜城县, 652926, district
柯坪县, 652929, district
库车县, 652923, district
沙雅县, 652924, district
温宿县, 652922, district
乌什县, 652927, district
新和县, 652925, district
阿勒泰地区, 654300, city
阿勒泰市, 654301, district
布尔津县, 654321, district
福海县, 654323, district
富蕴县, 654322, district
哈巴河县, 654324, district
吉木乃县, 654326, district
青河县, 654325, district
昌吉回族自治州, 652300, city
昌吉市, 652301, district
阜康市, 652302, district
呼图壁县, 652323, district
吉木萨尔县, 652327, district
玛纳斯县, 652324, district
木垒哈萨克自治县, 652328, district
奇台县, 652325, district
巴音郭楞蒙古自治州, 652800, city
博湖县, 652829, district
和静县, 652827, district
和硕县, 652828, district
库尔勒市, 652801, district
轮台县, 652822, district
且末县, 652825, district
若羌县, 652824, district
尉犁县, 652823, district
焉耆回族自治县, 652826, district
博尔塔拉蒙古自治州, 652700, city
阿拉山口市, 652702, district
博乐市, 652701, district
精河县, 652722, district
温泉县, 652723, district
哈密市, 650500, city
巴里坤哈萨克自治县, 650521, district
伊吾县, 650522, district
伊州区, 650502, district
和田地区, 653200, city
策勒县, 653225, district
和田市, 653201, district
和田县, 653221, district
洛浦县, 653224, district
民丰县, 653227, district
墨玉县, 653222, district
皮山县, 653223, district
于田县, 653226, district
克孜勒苏柯尔克孜自治州, 653000, city
阿克陶县, 653022, district
阿合奇县, 653023, district
阿图什市, 653001, district
乌恰县, 653024, district
克拉玛依市, 650200, city
白碱滩区, 650204, district
独山子区, 650202, district
克拉玛依区, 650203, district
乌尔禾区, 650205, district
喀什地区, 653100, city
巴楚县, 653130, district
伽师县, 653129, district
喀什市, 653101, district
麦盖提县, 653127, district
莎车县, 653125, district
疏附县, 653121, district
疏勒县, 653122, district
塔什库尔干塔吉克自治县, 653131, district
叶城县, 653126, district
英吉沙县, 653123, district
岳普湖县, 653128, district
泽普县, 653124, district
塔城地区, 654200, city
额敏县, 654221, district
和布克赛尔蒙古自治县, 654226, district
沙湾县, 654223, district
塔城市, 654201, district
托里县, 654224, district
乌苏市, 654202, district
裕民县, 654225, district
乌鲁木齐市, 650100, city
达坂城区, 650107, district
米东区, 650109, district
沙依巴克区, 650103, district
水磨沟区, 650105, district
天山区, 650102, district
头屯河区, 650106, district
乌鲁木齐县, 650121, district
新市区, 650104, district
吐鲁番市, 650400, city
高昌区, 650402, district
鄯善县, 650421, district
托克逊县, 650422, district
伊犁哈萨克自治州, 654000, city
察布查尔锡伯自治县, 654022, district
巩留县, 654024, district
霍尔果斯市, 654004, district
霍城县, 654023, district
奎屯市, 654003, district
尼勒克县, 654028, district
特克斯县, 654027, district
新源县, 654025, district
伊宁市, 654002, district
伊宁县, 654021, district
昭苏县, 654026, district
阿拉尔市, 659002, city
北屯市, 659005, city
可克达拉市, 659008, city
昆玉市, 659009, city
石河子市, 659001, city
双河市, 659007, city
铁门关市, 659006, city
图木舒克市, 659003, city
五家渠市, 659004, city
天津市, 120000, province
天津城区, 120100, city
宝坻区, 120115, district
北辰区, 120113, district
滨海新区, 120116, district
东丽区, 120110, district
和平区, 120101, district
河北区, 120105, district
河东区, 120102, district
河西区, 120103, district
红桥区, 120106, district
蓟州区, 120119, district
津南区, 120112, district
静海区, 120118, district
南开区, 120104, district
宁河区, 120117, district
武清区, 120114, district
西青区, 120111, district
四川省, 510000, province
阿坝藏族羌族自治州, 513200, city
阿坝县, 513231, district
红原县, 513233, district
黑水县, 513228, district
金川县, 513226, district
九寨沟县, 513225, district
理县, 513222, district
马尔康市, 513201, district
茂县, 513223, district
壤塘县, 513230, district
若尔盖县, 513232, district
松潘县, 513224, district
汶川县, 513221, district
小金县, 513227, district
巴中市, 511900, city
巴州区, 511902, district
恩阳区, 511903, district
南江县, 511922, district
平昌县, 511923, district
通江县, 511921, district
成都市, 510100, city
成华区, 510108, district
崇州市, 510184, district
大邑县, 510129, district
都江堰市, 510181, district
简阳市, 510185, district
金堂县, 510121, district
金牛区, 510106, district
锦江区, 510104, district
龙泉驿区, 510112, district
彭州市, 510182, district
郫都区, 510117, district
蒲江县, 510131, district
青白江区, 510113, district
青羊区, 510105, district
邛崃市, 510183, district
双流区, 510116, district
温江区, 510115, district
武侯区, 510107, district
新都区, 510114, district
新津县, 510132, district
德阳市, 510600, city
广汉市, 510681, district
旌阳区, 510603, district
罗江区, 510626, district
绵竹市, 510683, district
什邡市, 510682, district
中江县, 510623, district
达州市, 511700, city
达川区, 511703, district
大竹县, 511724, district
开江县, 511723, district
渠县, 511725, district
通川区, 511702, district
万源市, 511781, district
宣汉县, 511722, district
广元市, 510800, city
苍溪县, 510824, district
朝天区, 510812, district
剑阁县, 510823, district
利州区, 510802, district
青川县, 510822, district
旺苍县, 510821, district
昭化区, 510811, district
广安市, 511600, city
广安区, 511602, district
华蓥市, 511681, district
邻水县, 511623, district
前锋区, 511603, district
武胜县, 511622, district
岳池县, 511621, district
甘孜藏族自治州, 513300, city
巴塘县, 513335, district
白玉县, 513331, district
丹巴县, 513323, district
道孚县, 513326, district
稻城县, 513337, district
得荣县, 513338, district
德格县, 513330, district
甘孜县, 513328, district
九龙县, 513324, district
康定市, 513301, district
理塘县, 513334, district
泸定县, 513322, district
炉霍县, 513327, district
色达县, 513333, district
石渠县, 513332, district
乡城县, 513336, district
新龙县, 513329, district
雅江县, 513325, district
凉山彝族自治州, 513400, city
布拖县, 513429, district
德昌县, 513424, district
甘洛县, 513435, district
会东县, 513426, district
会理县, 513425, district
金阳县, 513430, district
雷波县, 513437, district
美姑县, 513436, district
冕宁县, 513433, district
木里藏族自治县, 513422, district
宁南县, 513427, district
普格县, 513428, district
西昌市, 513401, district
喜德县, 513432, district
盐源县, 513423, district
越西县, 513434, district
昭觉县, 513431, district
乐山市, 511100, city
峨眉山市, 511181, district
峨边彝族自治县, 511132, district
夹江县, 511126, district
犍为县, 511123, district
井研县, 511124, district
金口河区, 511113, district
马边彝族自治县, 511133, district
沐川县, 511129, district
沙湾区, 511111, district
市中区, 511102, district
五通桥区, 511112, district
绵阳市, 510700, city
安州区, 510705, district
北川羌族自治县, 510726, district
涪城区, 510703, district
江油市, 510781, district
平武县, 510727, district
三台县, 510722, district
盐亭县, 510723, district
游仙区, 510704, district
梓潼县, 510725, district
眉山市, 511400, city
丹棱县, 511424, district
东坡区, 511402, district
洪雅县, 511423, district
彭山区, 511403, district
青神县, 511425, district
仁寿县, 511421, district
泸州市, 510500, city
古蔺县, 510525, district
合江县, 510522, district
江阳区, 510502, district
龙马潭区, 510504, district
泸县, 510521, district
纳溪区, 510503, district
叙永县, 510524, district
南充市, 511300, city
高坪区, 511303, district
嘉陵区, 511304, district
阆中市, 511381, district
南部县, 511321, district
蓬安县, 511323, district
顺庆区, 511302, district
西充县, 511325, district
仪陇县, 511324, district
营山县, 511322, district
攀枝花市, 510400, city
东区, 510402, district
米易县, 510421, district
仁和区, 510411, district
西区, 510403, district
盐边县, 510422, district
内江市, 511000, city
东兴区, 511011, district
隆昌市, 511083, district
市中区, 511002, district
威远县, 511024, district
资中县, 511025, district
遂宁市, 510900, city
安居区, 510904, district
船山区, 510903, district
大英县, 510923, district
蓬溪县, 510921, district
射洪县, 510922, district
雅安市, 511800, city
宝兴县, 511827, district
汉源县, 511823, district
芦山县, 511826, district
名山区, 511803, district
石棉县, 511824, district
天全县, 511825, district
荥经县, 511822, district
雨城区, 511802, district
宜宾市, 511500, city
翠屏区, 511502, district
高县, 511525, district
珙县, 511526, district
江安县, 511523, district
南溪区, 511503, district
屏山县, 511529, district
兴文县, 511528, district
宜宾县, 511521, district
筠连县, 511527, district
长宁县, 511524, district
资阳市, 512000, city
安岳县, 512021, district
乐至县, 512022, district
雁江区, 512002, district
自贡市, 510300, city
大安区, 510304, district
富顺县, 510322, district
贡井区, 510303, district
荣县, 510321, district
沿滩区, 510311, district
自流井区, 510302, district
香港特别行政区, 810000, province
油尖旺区, 810005, district
湾仔区, 810002, district
北区, 810013, district
大埔区, 810014, district
东区, 810003, district
观塘区, 810009, district
黄大仙区, 810008, district
九龙城区, 810007, district
葵青区, 810017, district
离岛区, 810018, district
南区, 810004, district
荃湾区, 810010, district
沙田区, 810016, district
深水埗区, 810006, district
屯门区, 810011, district
西贡区, 810015, district
元朗区, 810012, district
中西区, 810001, district
西藏自治区, 540000, province
阿里地区, 542500, city
措勤县, 542527, district
噶尔县, 542523, district
改则县, 542526, district
革吉县, 542525, district
普兰县, 542521, district
日土县, 542524, district
札达县, 542522, district
昌都市, 540300, city
八宿县, 540326, district
边坝县, 540330, district
察雅县, 540325, district
丁青县, 540324, district
贡觉县, 540322, district
江达县, 540321, district
卡若区, 540302, district
类乌齐县, 540323, district
洛隆县, 540329, district
芒康县, 540328, district
左贡县, 540327, district
拉萨市, 540100, city
达孜县, 540126, district
城关区, 540102, district
当雄县, 540122, district
堆龙德庆区, 540103, district
林周县, 540121, district
墨竹工卡县, 540127, district
尼木县, 540123, district
曲水县, 540124, district
林芝市, 540400, city
巴宜区, 540402, district
察隅县, 540425, district
波密县, 540424, district
工布江达县, 540421, district
朗县, 540426, district
米林县, 540422, district
墨脱县, 540423, district
那曲地区, 542400, city
安多县, 542425, district
巴青县, 542429, district
班戈县, 542428, district
比如县, 542423, district
嘉黎县, 542422, district
那曲县, 542421, district
尼玛县, 542430, district
聂荣县, 542424, district
申扎县, 542426, district
双湖县, 542431, district
索县, 542427, district
山南市, 540500, city
措美县, 540526, district
错那县, 540530, district
贡嘎县, 540522, district
加查县, 540528, district
浪卡子县, 540531, district
隆子县, 540529, district
洛扎县, 540527, district
乃东区, 540502, district
曲松县, 540525, district
琼结县, 540524, district
桑日县, 540523, district
扎囊县, 540521, district
日喀则市, 540200, city
昂仁县, 540226, district
白朗县, 540228, district
定结县, 540231, district
定日县, 540223, district
岗巴县, 540237, district
吉隆县, 540234, district
江孜县, 540222, district
康马县, 540230, district
拉孜县, 540225, district
南木林县, 540221, district
聂拉木县, 540235, district
萨嘎县, 540236, district
萨迦县, 540224, district
仁布县, 540229, district
桑珠孜区, 540202, district
谢通门县, 540227, district
亚东县, 540233, district
仲巴县, 540232, district
云南省, 530000, province
保山市, 530500, city
昌宁县, 530524, district
隆阳区, 530502, district
龙陵县, 530523, district
施甸县, 530521, district
腾冲市, 530581, district
楚雄彝族自治州, 532300, city
楚雄市, 532301, district
大姚县, 532326, district
禄丰县, 532331, district
牟定县, 532323, district
南华县, 532324, district
双柏县, 532322, district
武定县, 532329, district
姚安县, 532325, district
永仁县, 532327, district
元谋县, 532328, district
大理白族自治州, 532900, city
宾川县, 532924, district
大理市, 532901, district
洱源县, 532930, district
鹤庆县, 532932, district
剑川县, 532931, district
弥渡县, 532925, district
南涧彝族自治县, 532926, district
巍山彝族回族自治县, 532927, district
祥云县, 532923, district
漾濞彝族自治县, 532922, district
永平县, 532928, district
云龙县, 532929, district
德宏傣族景颇族自治州, 533100, city
梁河县, 533122, district
陇川县, 533124, district
芒市, 533103, district
瑞丽市, 533102, district
盈江县, 533123, district
迪庆藏族自治州, 533400, city
德钦县, 533422, district
维西傈僳族自治县, 533423, district
香格里拉市, 533401, district
红河哈尼族彝族自治州, 532500, city
个旧市, 532501, district
河口瑶族自治县, 532532, district
红河县, 532529, district
建水县, 532524, district
金平苗族瑶族傣族自治县, 532530, district
开远市, 532502, district
绿春县, 532531, district
泸西县, 532527, district
弥勒市, 532504, district
蒙自市, 532503, district
屏边苗族自治县, 532523, district
石屏县, 532525, district
元阳县, 532528, district
昆明市, 530100, city
安宁市, 530181, district
呈贡区, 530114, district
东川区, 530113, district
富民县, 530124, district
官渡区, 530111, district
晋宁区, 530115, district
禄劝彝族苗族自治县, 530128, district
盘龙区, 530103, district
石林彝族自治县, 530126, district
嵩明县, 530127, district
五华区, 530102, district
西山区, 530112, district
寻甸回族彝族自治县, 530129, district
宜良县, 530125, district
丽江市, 530700, city
古城区, 530702, district
华坪县, 530723, district
宁蒗彝族自治县, 530724, district
永胜县, 530722, district
玉龙纳西族自治县, 530721, district
临沧市, 530900, city
沧源佤族自治县, 530927, district
凤庆县, 530921, district
耿马傣族佤族自治县, 530926, district
临翔区, 530902, district
双江拉祜族佤族布朗族傣族自治县, 530925, district
永德县, 530923, district
云县, 530922, district
镇康县, 530924, district
怒江傈僳族自治州, 533300, city
福贡县, 533323, district
贡山独龙族怒族自治县, 533324, district
兰坪白族普米族自治县, 533325, district
泸水市, 533301, district
曲靖市, 530300, city
富源县, 530325, district
会泽县, 530326, district
陆良县, 530322, district
罗平县, 530324, district
马龙县, 530321, district
麒麟区, 530302, district
师宗县, 530323, district
宣威市, 530381, district
沾益区, 530303, district
普洱市, 530800, city
江城哈尼族彝族自治县, 530826, district
景谷傣族彝族自治县, 530824, district
景东彝族自治县, 530823, district
澜沧拉祜族自治县, 530828, district
孟连傣族拉祜族佤族自治县, 530827, district
墨江哈尼族自治县, 530822, district
宁洱哈尼族彝族自治县, 530821, district
思茅区, 530802, district
西盟佤族自治县, 530829, district
镇沅彝族哈尼族拉祜族自治县, 530825, district
文山壮族苗族自治州, 532600, city
富宁县, 532628, district
广南县, 532627, district
麻栗坡县, 532624, district
马关县, 532625, district
丘北县, 532626, district
文山市, 532601, district
西畴县, 532623, district
砚山县, 532622, district
西双版纳傣族自治州, 532800, city
景洪市, 532801, district
勐腊县, 532823, district
勐海县, 532822, district
玉溪市, 530400, city
澄江县, 530422, district
峨山彝族自治县, 530426, district
红塔区, 530402, district
华宁县, 530424, district
江川区, 530403, district
通海县, 530423, district
新平彝族傣族自治县, 530427, district
易门县, 530425, district
元江哈尼族彝族傣族自治县, 530428, district
昭通市, 530600, city
大关县, 530624, district
鲁甸县, 530621, district
巧家县, 530622, district
水富县, 530630, district
绥江县, 530626, district
威信县, 530629, district
盐津县, 530623, district
彝良县, 530628, district
永善县, 530625, district
昭阳区, 530602, district
镇雄县, 530627, district
浙江省, 330000, province
杭州市, 330100, city
滨江区, 330108, district
淳安县, 330127, district
富阳区, 330111, district
拱墅区, 330105, district
江干区, 330104, district
建德市, 330182, district
临安区, 330185, district
上城区, 330102, district
桐庐县, 330122, district
西湖区, 330106, district
萧山区, 330109, district
下城区, 330103, district
余杭区, 330110, district
嘉兴市, 330400, city
海盐县, 330424, district
海宁市, 330481, district
嘉善县, 330421, district
南湖区, 330402, district
平湖市, 330482, district
桐乡市, 330483, district
秀洲区, 330411, district
湖州市, 330500, city
安吉县, 330523, district
德清县, 330521, district
南浔区, 330503, district
吴兴区, 330502, district
长兴县, 330522, district
丽水市, 331100, city
景宁畲族自治县, 331127, district
缙云县, 331122, district
莲都区, 331102, district
龙泉市, 331181, district
青田县, 331121, district
庆元县, 331126, district
遂昌县, 331123, district
松阳县, 331124, district
云和县, 331125, district
金华市, 330700, city
东阳市, 330783, district
金东区, 330703, district
兰溪市, 330781, district
磐安县, 330727, district
浦江县, 330726, district
婺城区, 330702, district
武义县, 330723, district
义乌市, 330782, district
永康市, 330784, district
衢州市, 330800, city
常山县, 330822, district
江山市, 330881, district
开化县, 330824, district
柯城区, 330802, district
龙游县, 330825, district
衢江区, 330803, district
宁波市, 330200, city
北仑区, 330206, district
慈溪市, 330282, district
奉化区, 330213, district
海曙区, 330203, district
江北区, 330205, district
宁海县, 330226, district
象山县, 330225, district
鄞州区, 330212, district
余姚市, 330281, district
镇海区, 330211, district
绍兴市, 330600, city
柯桥区, 330603, district
嵊州市, 330683, district
上虞区, 330604, district
新昌县, 330624, district
越城区, 330602, district
诸暨市, 330681, district
台州市, 331000, city
黄岩区, 331003, district
椒江区, 331002, district
临海市, 331082, district
路桥区, 331004, district
三门县, 331022, district
天台县, 331023, district
温岭市, 331081, district
仙居县, 331024, district
玉环市, 331083, district
温州市, 330300, city
苍南县, 330327, district
洞头区, 330305, district
乐清市, 330382, district
龙湾区, 330303, district
鹿城区, 330302, district
瓯海区, 330304, district
平阳县, 330326, district
瑞安市, 330381, district
泰顺县, 330329, district
文成县, 330328, district
永嘉县, 330324, district
舟山市, 330900, city
定海区, 330902, district
岱山县, 330921, district
普陀区, 330903, district
嵊泗县, 330922, district